{"cameraMode":{"drawMode":0,"name":"Shaded","section":"Shading Mode"},"sceneLighting":true,"audioPlay":false,"sceneViewState":{"showFog":true,"showMaterialUpdate":false,"showSkybox":true,"showFlares":true,"showImageEffects":true,"showParticleSystems":true},"in2DMode":false,"pivot":{"x":8.106684684753418,"y":8.91351318359375,"z":16.03199005126953},"rotation":{"x":0.10922226309776306,"y":-0.3800014853477478,"z":0.04524034261703491,"w":0.9174016714096069},"size":23.053308486938478,"orthographic":true}