{"cameraMode":{"drawMode":0,"name":"Shaded","section":"Shading Mode"},"sceneLighting":false,"audioPlay":false,"sceneViewState":{"showFog":true,"showMaterialUpdate":false,"showSkybox":false,"showFlares":true,"showImageEffects":true,"showParticleSystems":true},"in2DMode":false,"pivot":{"x":0.0,"y":1.449294090270996,"z":0.9155459403991699},"rotation":{"x":0.10922226309776306,"y":-0.3800014853477478,"z":0.04524034261703491,"w":0.9174016714096069},"size":9.682628631591797,"orthographic":true}