{"cameraMode":{"drawMode":0,"name":"Shaded","section":"Shading Mode"},"sceneLighting":true,"audioPlay":false,"sceneViewState":{"showFog":true,"showMaterialUpdate":false,"showSkybox":true,"showFlares":true,"showImageEffects":true,"showParticleSystems":true},"in2DMode":false,"pivot":{"x":-0.9399999976158142,"y":3.2300000190734865,"z":-4.309999942779541},"rotation":{"x":0.077144093811512,"y":0.7132172584533691,"z":-0.07949390262365341,"w":0.6921356320381165},"size":22.0,"orthographic":false}